"tahun","rata2_jumlah_order"
2016,1.0092024539877301
2017,1.03175256788598357468
2018,1.02392462416349125102
