"tahun","rata2_customer_aktif"
2016,108.6666666666666667
2017,3694.8333333333333333
2018,5338.2000000000000000
